answer_tokens,client_id,direction,intensity,loss,optimizer_steps,p_benign,p_heterogeneous,p_malicious,poisoned_examples,predicted_malicious,probed,round,samples,seconds,sparsity,true_role,weight
1000,4,0.876683307693359,1.4518586972914076,0.4777730439640582,32,3.8523039410244434e-227,0.0,1.0,0,True,False,1,500,13.829729992896318,0.909447445233105,benign,1.1211856739790009e-227
1000,17,0.8133685702447515,1.4021317517853775,0.49032534936815503,32,3.149503977518521e-286,1.0,2.6590147687231614e-59,0,False,False,1,500,12.857812818139791,0.9056967843350959,heterogeneous,0.06639635725230546
1000,16,0.8356648114069695,1.5095563143179047,0.4872252347394824,32,0.0,0.0,1.0,0,True,False,1,500,12.844284387305379,0.9047404031968241,heterogeneous,0.0
1000,1,0.8811292248658393,1.4414124142347475,0.5283902899026871,32,0.9999999987909893,0.0,1.2090108522186215e-09,0,False,False,1,500,12.726721215993166,0.9033734451080703,benign,0.29251885364453784
1000,11,0.8775416614885359,1.419326082961192,0.49522369620762763,32,0.0,0.0,1.0,0,True,False,1,500,12.69416634272784,0.9110610676899609,benign,0.0
1000,2,0.8611947126684673,1.4251474216608107,0.5127595335133374,32,1.0,0.0,3.114342325265185e-21,0,False,False,1,500,12.582913846708834,0.9014029194375691,benign,0.2859009590306605
1000,12,0.8843405499271677,1.4237041000059791,0.5001278734961525,32,0.0,0.0,1.0,0,True,False,1,500,12.630353970453143,0.9084982450860869,benign,0.0
1000,19,0.8226498390886374,1.4243055257970032,0.49404630705714225,32,0.0,1.0,7.740380373265246e-63,0,False,False,1,500,12.722720610909164,0.8975927385918371,heterogeneous,0.06639635725230546
1000,14,0.8698895083465935,1.432843991748806,0.4890448559075594,32,0.9999999999623498,0.0,3.76503560732498e-11,0,False,False,1,500,12.597435738891363,0.9032364675846529,benign,0.2887874728201909
1000,7,0.8656081660465388,1.4582001194265863,0.49416098930872976,32,0.0,0.0,1.0,0,True,False,1,500,12.733557794243097,0.9071640682506547,benign,0.0
1000,14,0.13495500437146227,0.5814896790470045,0.12435904237441718,32,1.0,0.0,0.0,0,False,False,2,500,12.735441336408257,0.7867212915629755,benign,0.1248798182318607
1000,8,0.10225024504936264,0.5584486457194071,0.13631703644804657,32,1.0,0.0,0.0,0,False,False,2,500,12.57354851346463,0.7822340387378114,benign,0.09461666186739619
1000,17,0.07551144784761388,0.5537783768168925,0.15897619000822305,32,1.0,0.0,0.0,0,False,False,2,500,12.56839533150196,0.7880155223978588,heterogeneous,0.06987407340359952
1000,13,0.12944128787290624,0.5360098297527922,0.13683612968958914,32,1.7775931375765798e-09,0.9999999982224069,0.0,0,False,False,2,500,12.674775044433773,0.7730391845425229,benign,0.18506882161970847
1000,9,0.17788046911448166,0.5957113533160106,0.13587138988636435,32,5.020852852454086e-06,0.0,0.9999949791471479,0,True,False,2,500,12.651612571440637,0.7941599373751899,benign,8.26435613666761e-07
1000,7,0.11397835464718649,0.5791374045704029,0.11251754239480942,32,1.0,0.0,0.0,0,False,False,2,500,12.599786105565727,0.7914925316740693,benign,0.10546919898968234
1000,18,0.1677140892180616,0.610632468502363,0.12638703323155642,32,8.75938562126113e-08,0.0,0.9999999124061437,0,True,False,2,500,12.654537064954638,0.7954680915504332,heterogeneous,1.3593974735174818e-08
1000,1,0.056425012762303335,0.5604186096695816,0.11136380718275905,32,1.0,0.0,0.0,0,False,False,2,500,12.719584225676954,0.7835250905644974,benign,0.052212553141726153
1000,16,0.12362827055645578,0.5430094593966419,0.11477845255099237,32,4.744237930550041e-08,0.9999999525576205,0.0,0,False,False,2,500,12.718642414547503,0.7747771438976809,heterogeneous,0.18506881838301034
1000,3,0.1975580896002378,0.5523468193111976,0.11719451055210084,32,1.0,0.0,2.762368050765104e-275,0,False,False,2,500,12.759980151429772,0.7884809122913033,benign,0.18280921433342787
1000,11,0.07228965474828832,0.5050876017096438,0.10587625412549824,32,1.385386466721549e-38,1.0,0.0,0,False,False,3,500,12.57315844297409,0.7750527354462166,benign,0.26961884170295924
1000,10,0.09239391278659917,0.612753761677583,0.1259296084791422,32,2.7082717794049034e-36,0.0,1.0,0,True,False,3,500,12.695622383616865,0.7940854436053649,benign,3.373306838335311e-37
1000,16,0.09375528492047164,0.5310288020047197,0.11253007389605045,32,4.4800337003543404e-45,1.0,0.0,0,False,False,3,500,12.728376919403672,0.7806718822522024,heterogeneous,0.26961884170295924
1000,13,0.04290935720239347,0.5290125741433201,0.11287933617830276,32,1.0,0.0,0.0,0,False,False,3,500,12.622299742884934,0.7874494860664047,benign,0.057845855935639304
1000,8,0.01923486227437325,0.5482134393693787,0.13235261177830399,32,1.0,0.0,0.0,0,False,False,3,500,12.684157364070415,0.7858215336721656,benign,0.025930406433662324
1000,7,0.008588817656313875,0.5436210063518016,0.1084108073366806,32,1.0,0.0,0.0,0,False,False,3,500,12.660767619498074,0.7819141619053224,benign,0.011578535340466361
1000,4,0.011496974566563225,0.5035256684322529,0.1377920547798276,32,1.0,0.0,0.0,0,False,False,3,500,12.777133572846651,0.7793673592468097,benign,0.015499004828625795
1000,2,0.013111247422186249,0.5514186415432369,0.09713352599041536,32,1.0,0.0,0.0,0,False,False,3,500,12.900792736560106,0.7833038139857084,benign,0.017675196716253835
1000,9,0.07456640416127379,0.4925309905047925,0.11540388689376414,32,2.17651123091717e-15,0.9999999999999978,0.0,0,False,False,3,500,12.792892646975815,0.7795145111227251,benign,0.2696188417029589
1000,14,0.0464466616954446,0.505689904499896,0.1089523424031213,32,1.0,0.0,0.0,0,False,False,3,500,12.673712679184973,0.7828469607084294,benign,0.06261447563647489
1000,1,0.1358478847253195,0.5334812907040312,0.11025814338028431,32,0.0,1.0,0.0,0,False,False,4,500,12.611879169009626,0.7859377465615216,benign,0.19049038353932338
1000,7,-0.005508779819958824,0.6052150218861405,0.11826730589708313,32,0.0,0.0,1.0,0,True,False,4,500,12.685795395635068,0.7934403451900407,benign,0.0
1000,9,0.14464715828834748,0.5001123957339821,0.10607970437966287,32,0.0,1.0,0.0,0,False,False,4,500,12.718681197613478,0.7802869037529794,benign,0.19049038353932338
1000,14,0.06284504919241594,0.5437261383581733,0.11961416735500097,32,0.0,1.0,0.0,0,False,False,4,500,12.709639423526824,0.7807019655718546,benign,0.19049038353932338
1000,8,0.04306513788478475,0.5358260721667454,0.12320084221847355,32,1.0,0.0,0.0,0,False,False,4,500,12.819019536487758,0.796247549757439,benign,0.04101747316423246
1000,2,0.06547937380057611,0.5515994041195869,0.09760491058882326,32,1.0,0.0,0.0,0,False,False,4,500,12.88430381566286,0.7953132631427227,benign,0.062365955145932336
1000,15,0.04911561570207556,0.5271524731464876,0.11672109770961106,32,1.0,0.0,0.0,0,False,False,4,500,12.891550963744521,0.7927731395471747,heterogeneous,0.04678026236429193
1000,10,0.18739432232769448,0.532024830451507,0.12100724042020738,32,0.0,1.0,0.0,0,False,False,4,500,12.68554154317826,0.7903672810312565,benign,0.19049038353932338
1000,16,-0.05151307110955088,0.5751697721647726,0.10642817145306617,32,0.0,0.0,1.0,0,True,False,4,500,12.596409068442881,0.7914076011953372,heterogeneous,0.0
1000,5,0.09226163918149655,0.5940705911306373,0.11857011015713215,32,1.0,0.0,0.0,0,False,False,4,500,12.657084599137306,0.7993084297527256,benign,0.08787477516824972
1000,11,0.020946395832818123,0.5288287976079472,0.09518161554075777,32,0.0,1.0,0.0,0,False,False,5,500,12.669558928348124,0.7903680800018104,benign,0.16514080986390264
1000,15,0.0161608154708572,0.5345044695996936,0.10856813699193299,32,0.0,1.0,0.0,0,False,False,5,500,12.785709803923965,0.7907059984925258,heterogeneous,0.16514080986390264
1000,6,0.05532740198332717,0.542492832184653,0.11492026153206825,32,0.0,1.0,0.0,0,False,False,5,500,12.71402954403311,0.7872648802394304,benign,0.16514080986390264
1000,7,0.0030943629909161285,0.5960526366363477,0.10890449458081275,32,1.0,4.238614255776884e-53,0.0,0,False,False,5,500,12.72668846230954,0.7960194965610553,benign,0.002555028051663887
1000,17,0.08279733964252205,0.5451738854937943,0.15076791915111243,32,0.0,1.0,0.0,0,False,False,5,500,12.778500265441835,0.7922497142871975,heterogeneous,0.16514080986390264
1000,19,0.00799329723699973,0.5692137908410271,0.13625754826515912,32,1.0,1.6388203774356639e-18,0.0,0,False,False,5,500,12.58705079741776,0.7952497505325811,heterogeneous,0.006600097896005154
1000,0,-0.048228595296377574,0.5995439041940479,0.10708350833598525,32,0.0,4.519577538667564e-107,1.0,0,True,False,5,500,12.65725373942405,0.7890309627547292,benign,7.463666949782652e-108
1000,9,0.01603801774691072,0.5155540982505794,0.1068714318498969,32,0.0,1.0,0.0,0,False,False,5,500,12.606218595989048,0.7801168143664996,benign,0.16514080986390264
1000,13,-0.0038322401525608275,0.5497232424257936,0.11290859420225025,32,0.9999999099622007,9.003779932843537e-08,0.0,0,False,False,5,500,12.765750175341964,0.7960994581103831,benign,1.4868915099461367e-08
1000,16,0.05624326143982731,0.5453406223825882,0.10071330428868532,32,1.1791685688982707e-42,1.0,0.0,0,False,False,5,500,12.594800462946296,0.7907901004377977,heterogeneous,0.16514080986390264
1000,3,0.08698549470950351,0.5337898937700679,0.10314541635476053,32,0.0,1.0,0.0,0,False,False,6,500,12.668116390705109,0.7897971995233188,benign,0.22775715490717255
1000,10,0.10298488200895327,0.5611063701861257,0.1160230052145198,32,0.0,2.3390257120451377e-54,1.0,0,True,False,6,500,12.783739645034075,0.79194202379467,benign,5.3272984143012405e-55
1000,15,0.02585354496595472,0.5521999390153027,0.10803624240122736,32,1.0,5.190701880454693e-78,0.0,0,False,False,6,500,12.882055261172354,0.7898778139188808,heterogeneous,0.0294416492285525
1000,17,0.05227474075799727,0.5618653399779013,0.1458066759109497,32,1.0,1.1021126971403317e-130,0.0,0,False,False,6,500,12.978696404024959,0.789113448091642,heterogeneous,0.05952973114275735
1000,9,0.034460543567620745,0.5179440828465846,0.10549729326553643,32,1.3254562464210082e-193,1.0,0.0,0,False,False,6,500,12.768911222927272,0.7866014956289544,benign,0.22775715490717255
1000,12,0.12470022176088975,0.5480315654054879,0.10875361601263285,32,0.0,8.495080957770555e-23,1.0,0,True,False,6,500,12.698127515614033,0.7992204480274274,benign,1.9348154696479197e-23
1000,16,-0.027359874154862608,0.5592332770084434,0.09666195772122592,32,1.0,3.050906750371004e-139,0.0,0,False,False,6,500,12.81926167756319,0.7924557502042958,heterogeneous,6.948658413515872e-140
1000,13,0.05363028614902123,0.5203209571772712,0.10328517471253872,32,0.0,1.0,0.0,0,False,False,6,500,12.740598290227354,0.7852406738757036,benign,0.22775715490717255
1000,18,0.04176686409361807,0.5730212681509784,0.11264421446435154,32,0.0,3.486352381749081e-85,1.0,0,True,False,6,500,12.684850750491023,0.8008556860523143,heterogeneous,7.940416994710153e-86
1000,11,-0.014651822737094138,0.5124608129201478,0.08780979181081057,32,0.0,1.0,0.0,0,False,False,6,500,12.780152915976942,0.7850476324838545,benign,0.22775715490717255
1000,19,-0.009491579322602525,0.5717824040200566,0.13106776109710336,32,0.0070524013719399144,0.0,0.9929475986280601,0,True,False,7,500,12.664105975069106,0.8001025250678845,heterogeneous,0.0
1000,10,0.06099826680030946,0.5380268263290049,0.11176371633261442,32,1.0,0.0,5.419333080070656e-251,0,False,False,7,500,12.612216950394213,0.789781868179901,benign,0.08860531591157553
1000,6,0.0137767222583401,0.5658959826092819,0.1059278881624341,32,2.586953690878381e-05,0.0,0.9999741304630912,0,True,False,7,500,12.633360713720322,0.7987587293535146,benign,5.176984213441948e-07
1000,5,0.061968034362373456,0.5702499440549756,0.11117104721069336,32,0.9999999999974751,2.524774972411009e-12,1.027296152630426e-234,0,False,False,7,500,12.586499928496778,0.7946919071838828,benign,0.09001398808761713
1000,17,0.004417972990672839,0.58140361604159,0.14386888395249844,32,0.00011033082656969733,0.0,0.9998896691734304,0,True,False,7,500,12.697378338314593,0.8011194776350102,heterogeneous,7.080472028740458e-07
1000,4,0.05824621813032884,0.5927863872424932,0.13315575147559866,32,3.883759699347937e-36,0.0,1.0,0,True,False,7,500,12.656938770785928,0.802475000933556,benign,3.2859607102791232e-37
1000,15,0.03161192275192465,0.5405196877042693,0.11441379677411169,32,1.0,0.0,2.1896020694306427e-47,0,False,False,7,500,12.68005557358265,0.7930222526329017,heterogeneous,0.04591908178598274
1000,12,0.13384764990986647,0.540022179616189,0.11498027743957936,32,1.0,0.0,0.0,0,False,False,7,500,12.76031739730388,0.7859280683062418,benign,0.19442541446481748
1000,8,-0.00854158679027335,0.5143683165673589,0.1126762956706807,32,1.9477493477232758e-54,1.0,0.0,0,False,False,7,500,12.710985446348786,0.786315899286341,benign,0.2905174870021914
1000,2,0.013035488534459738,0.532005277439668,0.09625734465103597,32,1.2361365446016985e-26,1.0,5.1682902720068165e-288,0,False,False,7,500,12.62003477755934,0.78902853586566,benign,0.2905174870021914
1000,13,0.04790001932200001,0.5270682523478137,0.10100060481205583,32,0.0,1.0,0.0,0,False,False,8,500,12.614839192479849,0.7863524584311493,benign,0.14204892130439065
1000,12,0.026786638920089936,0.577105560761452,0.10732003450579941,32,0.0,4.104962230191684e-07,0.9999995895037771,0,True,False,8,500,12.642227538861334,0.8005746115338754,benign,5.831054567939944e-08
1000,1,0.011922979489582052,0.546007846025239,0.10993682272173465,32,0.0,1.0,0.0,0,False,False,8,500,12.689132935367525,0.7967607323005962,benign,0.14204892130439065
1000,4,-0.014940632787162898,0.5319629811363413,0.12677282629162073,32,0.0,1.0,0.0,0,False,False,8,500,12.61780605930835,0.7878260332560838,benign,0.14204892130439065
1000,0,0.02598016248347772,0.5550309149564117,0.10886481875367462,32,0.0,1.0,0.0,0,False,False,8,500,12.60704960860312,0.7877859239896977,benign,0.14204892130439065
1000,19,-0.00499296136832978,0.585375619106315,0.13339054623804986,32,0.0,4.792504463298079e-06,0.9999952074955365,0,True,False,8,500,12.930051270872355,0.7984310002879423,heterogeneous,6.807700893579698e-07
1000,11,0.009565488289568689,0.5921640892921604,0.09513802680280059,32,0.0,1.0,0.0,0,False,False,8,500,12.657720554620028,0.7845093890519294,benign,0.14204892130439065
1000,3,0.0022431014138928848,0.5572926103249238,0.08331649389397353,32,0.0,1.0,0.0,0,False,False,8,500,12.755582849495113,0.7918397905828799,benign,0.14204892130439065
1000,18,0.09854456381155575,0.5993864056272785,0.10203834917489439,32,0.9999999999985985,1.4012572848411122e-12,0.0,0,False,False,8,500,12.81450236029923,0.7955555698349133,heterogeneous,0.06999074494931687
1000,10,0.10942003279621138,0.5588097045176863,0.11620814082911238,32,0.9999999999263239,7.367639475680079e-11,0.0,0,False,False,8,500,12.683521375991404,0.7942561249648468,benign,0.07771498814370428
1000,15,0.06745877723715392,0.5350375854739655,0.10085958415456116,32,1.0,0.0,0.0,0,False,False,9,500,12.768289107829332,0.7968495209054506,heterogeneous,0.12321271320773151
1000,1,0.019662623578511212,0.5552027712668481,0.09994293448794633,32,1.0,0.0,0.0,0,False,False,9,500,12.633773575536907,0.7934503617820273,benign,0.03591356527814963
1000,19,0.13330990787946514,0.5724580215368874,0.1355728736370802,32,3.7698184230665906e-07,0.0,0.9999996230181579,0,True,False,9,500,12.732568786479533,0.7951241547994974,heterogeneous,9.179096106527373e-08
1000,10,0.0767458554260253,0.5553215700739844,0.11029531640931964,32,2.084507062785037e-09,0.0,0.9999999979154933,0,True,False,9,500,12.692695836536586,0.787612605450708,benign,2.921967346759249e-10
1000,11,-0.02218185788089034,0.5502760393646495,0.08548439134843648,32,1.0,0.0,0.0,0,False,False,9,500,12.653066461905837,0.7951234657150884,benign,0.0
1000,16,0.039271008501080354,0.5301698963002749,0.09381848230957984,32,4.4471393825545254e-24,1.0,0.0,0,False,False,9,500,12.79250400699675,0.7802125195740752,heterogeneous,0.3652977959400968
1000,8,0.0573510858876611,0.512989236160155,0.10857006904482841,32,1.3216810115730934e-16,1.0,0.0,0,False,False,9,500,12.669066327624023,0.7865030106185336,benign,0.3652977959400968
1000,3,-0.02894661710327777,0.5422922033261967,0.08279490458779037,32,1.0,0.0,0.0,0,False,False,9,500,12.65497090574354,0.789975837107143,benign,0.0
1000,6,0.05361868701040695,0.5622530362776336,0.10368882494419814,32,1.0,0.0,0.0,0,False,False,9,500,12.590872015804052,0.7939316255247761,benign,0.0979339409305178
1000,9,0.006758374541232535,0.5427178212153231,0.09741598109714687,32,1.0,0.0,0.0,0,False,False,9,500,12.58413300011307,0.7950559918351624,benign,0.01234409662024954
1000,15,0.10397383538581784,0.5626919873582569,0.1045267587667331,32,0.0,0.0,1.0,0,True,False,10,500,12.626127161085606,0.7950811950391267,heterogeneous,0.0
1000,2,0.034345514318813615,0.5746204845304602,0.08774771231552586,32,0.0,0.0,1.0,0,True,False,10,500,12.733500046655536,0.796027497118224,benign,0.0
1000,17,0.022707953016013287,0.5624503896317714,0.14198614353314043,32,0.0,0.0,1.0,0,True,False,10,500,12.785125660710037,0.7996530356606418,heterogeneous,0.0
1000,6,0.05072702713783681,0.5717782366036426,0.10177318863943219,32,0.0,0.0,1.0,0,True,False,10,500,12.762577502988279,0.8025835668607403,benign,0.0
1000,14,0.0004246887713240335,0.5419322900774319,0.0970964183025062,32,0.9999999999620917,0.0,3.790812729913467e-11,0,False,False,10,500,12.849077897146344,0.789185401396934,benign,0.0010605958869942152
1000,18,0.10288183073328573,0.5648574795585865,0.10007797344122082,32,0.0,0.0,1.0,0,True,False,10,500,12.578320186585188,0.7971913068483153,heterogeneous,0.0
1000,7,0.04675326474100776,0.5442880915095412,0.09198804464749992,32,6.947195898873133e-290,0.9999999686315318,3.136846848115859e-08,0,False,False,10,500,12.646947174333036,0.7912200529705785,benign,0.49946969422270315
1000,11,-0.08582917007323368,0.54343969705559,0.08441126704402267,32,1.0,0.0,1.2902722888341793e-16,0,False,False,10,500,12.617046887986362,0.7879116588498618,benign,0.0
1000,3,0.03846810794801207,0.5619333434696423,0.08655134291900322,32,0.0,0.0,1.0,0,True,False,10,500,12.651691087521613,0.7939518070693191,benign,0.0
1000,13,0.07559311644983929,0.5277747509881656,0.09750529185123742,32,0.0,1.0,6.887982466918593e-17,0,False,False,10,500,12.62999070994556,0.7891327055472888,benign,0.49946970989030276
