round,seconds,benign_n,benign_scored_n,benign_flagged,benign_rate,benign_mean_weight,heterogeneous_n,heterogeneous_scored_n,heterogeneous_flagged,heterogeneous_rate,heterogeneous_mean_weight,malicious_n,malicious_scored_n,malicious_flagged,malicious_rate,malicious_mean_weight,auc,heterogeneous_weight_ratio,validation_sst2_accuracy,validation_imdb_accuracy,svd_relative_error
1,139.49927690066397,6,6,0,0.0,0.14861026114376985,4,4,1,0.25,0.027084608284345252,0,0,0,,,,0.18225261214057636,0.875,0.8125,0.006330870699519046
2,138.53718777559698,8,8,2,0.25,0.125,2,2,2,1.0,6.027421047834386e-20,0,0,0,,,,4.821936838267509e-19,0.84375,0.859375,0.007594560485946835
3,137.86956457886845,6,6,3,0.5,0.15664039844247135,4,4,3,0.75,0.015039402336292985,0,0,0,,,,0.09601228345838536,0.84375,0.84375,0.00822417839515789
4,137.7233384521678,5,5,1,0.2,0.05367076191298178,5,5,2,0.4,0.14632923808701823,0,0,0,,,,2.7264237150996062,0.875,0.84375,0.008905619242321687
5,138.14474025834352,8,8,2,0.25,0.08741106926698519,2,2,1,0.5,0.15035572293205923,0,0,0,,,,1.7200993443155144,0.859375,0.84375,0.008966993969617608
6,138.88011904247105,9,9,2,0.2222222222222222,0.10584218390281178,1,1,0,0.0,0.047420344874694084,0,0,0,,,,0.4480287832896306,0.859375,0.8125,0.008588006324878699
7,139.0077579319477,9,9,2,0.2222222222222222,0.1111111111111111,1,1,1,1.0,3.6218506190242964e-25,0,0,0,,,,3.2596655571218668e-24,0.875,0.84375,0.008349993070379352
8,138.65173726063222,7,7,2,0.2857142857142857,0.09440336177584033,3,3,0,0.0,0.1130588225230393,0,0,0,,,,1.1976143687710628,0.859375,0.84375,0.007055973723257865
9,133.59221680928022,7,7,2,0.2857142857142857,0.08163265306142554,3,3,0,0.0,0.14285714285667378,0,0,0,,,,1.7499999999899436,0.859375,0.84375,0.007621616852990121
10,138.92008995451033,7,7,1,0.14285714285714285,0.12067405629580788,3,3,1,0.3333333333333333,0.05176053530978162,0,0,0,,,,0.428928444925239,0.859375,0.84375,0.007020447114534297
