seed,source_representation,replay_representation,benign_n,benign_scored_n,benign_flagged,benign_rate,benign_mean_weight,heterogeneous_n,heterogeneous_scored_n,heterogeneous_flagged,heterogeneous_rate,heterogeneous_mean_weight,malicious_n,malicious_scored_n,malicious_flagged,malicious_rate,malicious_mean_weight,auc,heterogeneous_weight_ratio
2026,raw,raw,72,72,12,0.16666666666666666,0.11355700248430889,28,28,13,0.4642857142857143,0.06513913646891997,0,0,0,,,,0.5736250080916039
2026,raw,effective,72,72,19,0.2638888888888889,0.1033049419843984,28,28,8,0.2857142857142857,0.09150157775440411,0,0,0,,,,0.885742501730683
2026,effective,raw,72,72,18,0.25,0.10667455912567872,28,28,11,0.39285714285714285,0.08283684796254043,0,0,0,,,,0.7765379922024906
2026,effective,effective,72,72,17,0.2361111111111111,0.1087318954760425,28,28,11,0.39285714285714285,0.07754655449017646,0,0,0,,,,0.713190496226222
2027,raw,raw,76,76,23,0.3026315789473684,0.10012515071001205,24,24,7,0.2916666666666667,0.09960368941829517,0,0,0,,,,0.9947919050506385
2027,raw,effective,76,76,25,0.32894736842105265,0.09685086178131903,24,24,7,0.2916666666666667,0.10997227102582308,0,0,0,,,,1.1354805626214362
2027,effective,raw,76,76,25,0.32894736842105265,0.10142403022366409,24,24,9,0.375,0.09549057095839718,0,0,0,,,,0.9414984865797363
2027,effective,effective,76,76,16,0.21052631578947367,0.1020212408787898,24,24,6,0.25,0.09359940388383232,0,0,0,,,,0.9174501611388617
2028,raw,raw,72,72,17,0.2361111111111111,0.11250624377357149,28,28,11,0.39285714285714285,0.06784108743938753,0,0,0,,,,0.602998421811358
2028,raw,effective,72,72,17,0.2361111111111111,0.11515835910988637,28,28,10,0.35714285714285715,0.06102136228886364,0,0,0,,,,0.5298908629866448
2028,effective,raw,72,72,25,0.3472222222222222,0.11237477215451595,28,28,11,0.39285714285714285,0.06817915731695895,0,0,0,,,,0.6067123074849239
2028,effective,effective,72,72,18,0.25,0.11377296714063719,28,28,10,0.35714285714285715,0.06458379878121863,0,0,0,,,,0.5676550449931153
